<?xml version="1.0" encoding="UTF-8"?><article article-type="research-article" dtd-version="1.2" xml:lang="de-DE">
    <front>
		<journal-meta>
        <!-- Main metadata -->
        <journal-id journal-id-type="publisher-id">###_Insert abbreviation of the journal here (for XML-Version)_###</journal-id>
        <journal-title-group>
            <journal-title>###_Insert journal name here_###</journal-title>
        </journal-title-group>
    <!-- Editors (person)-->
        <contrib-group content-type="Editors">
            <role>Editor:</role>
            <contrib contrib-type="Editor">
                <name>
                    <surname>###_Insert editor surname here (for XML-Version)_###</surname>
                    <given-names>###_Insert editor given name here (for XML-Version)_###</given-names>
                </name>
            </contrib>
        </contrib-group>
    <!-- ISSN/ISBN -->
       <issn publication-format="online">###_Insert ISSN (online edition) here (for XML-Version)_###</issn>
	   <issn publication-format="print">###_Insert ISSN (print edition) here (for XML-Version)_###</issn>
	   <isbn publication-format="print">###_Insert ISBN (print edition) here (for XML-Version)_###</isbn>
    <!-- Publishing institution -->
    <publisher>
        <publisher-name>###_Insert publisher (institution) here (for XML-Version)_###</publisher-name>
        <publisher-loc>
            <addr-line>###_Insert publisher adress line here (for XML-Version)_###</addr-line>
            <city>###_Insert publisher postal code and city here (for XML-Version)_###</city>
            <country>###_Insert publisher country (for XML-Version)_###</country>
            <ext-link ext-link-type="uri">###_Insert publisher url here (for XML-Version)_###</ext-link>
        </publisher-loc>
    </publisher>
    <!-- Custom metadata -->
    <custom-meta-group>
        <custom-meta>
            <meta-name>publishing-history</meta-name>
            <meta-value>published since ###_Insert first published date of the journal here (for XML-Version)_###</meta-value>
        </custom-meta>
        <custom-meta>
            <meta-name>peer-review-label</meta-name>
            <meta-value>Peer Review</meta-value>
        </custom-meta>
        <custom-meta>
            <meta-name>peer-review-text</meta-name>
            <meta-value>All articles submitted to the ###_Insert journal name here_### are reviewed
                by international experts in a double-blind peer review process.</meta-value>
        </custom-meta>
        <custom-meta>
            <meta-name>editing-notice-label</meta-name>
            <meta-value>Editing and Typesetting</meta-value>
        </custom-meta>
        <custom-meta>
            <meta-name>editing-notice-publishing-editor</meta-name>
            <meta-value>Publishing editor: ###_Insert responsible copy editor unit (institution) and url (for XML-Version)_###</meta-value>
        </custom-meta>
        <custom-meta>
            <meta-name>editing-notice-article-submissions</meta-name>
            <meta-value>Contact for article submissions: ###_Insert e-mail address article submissions (for XML-Version)_###</meta-value>
        </custom-meta>
        <custom-meta>
            <meta-name>editing-notice-editing</meta-name>
            <meta-value>Editing: ###_Insert name copy editor here (for XML-Version)_###</meta-value>
        </custom-meta>
        <custom-meta>
            <meta-name>editing-notice-typesetting</meta-name>
            <meta-value>Typesetting: ###_Insert typesetting company here (for XML-Version)_###</meta-value>
        </custom-meta>
        <custom-meta>
            <meta-name>editing-notice-layout</meta-name>
            <meta-value>Corporate Design: ###_Insert company or name corporate design here (for XML-Version)_###</meta-value>
        </custom-meta>
        <custom-meta>
            <meta-name>editing-notice-webdesign</meta-name>
            <meta-value>Webdesign: ###_Insert company or name webdesign here (for XML-Version)_###</meta-value>
        </custom-meta>
        <custom-meta>
            <meta-name>editing-notice-webdesign-url</meta-name>
            <meta-value>###_Insert url webdesign here (for XML-Version)_###</meta-value>
        </custom-meta>
        <custom-meta>
            <meta-name>editing-notice-conversion</meta-name>
            <meta-value>XML Conversion: ###_Insert company XML-conversion (for XML-Version)_###</meta-value>
        </custom-meta>
        <custom-meta>
            <meta-name>editing-notice-conversion-url</meta-name>
            <meta-value>###_Insert url company XML-conversion (for XML-Version)_###</meta-value>
        </custom-meta>
        <custom-meta>
            <meta-name>editing-notice-development</meta-name>
            <meta-value>Programming Viewer: ###_Insert company or name programming viewer here (for XML-Version)_###</meta-value>
        </custom-meta>
        <custom-meta>
            <meta-name>editing-notice-development-url</meta-name>
            <meta-value>###_Insert url company programming viewer here (for XML-Version)_###</meta-value>
        </custom-meta>
    </custom-meta-group>
    </journal-meta>
    <article-meta>
    <article-id pub-id-type="doi">###_Insert artcile DOI here_###</article-id>
    <title-group>
		<article-title>###_Insert title here (original language)_###</article-title>
		<subtitle>###_Insert subtitle here (original language)_###</subtitle>
	</title-group>
	<contrib-group>
	    <contrib contrib-type="author"><contrib-id contrib-id-type="orcid">###_Insert ORCID author 1 here_###</contrib-id><name><surname>###_Insert last name author 1 here_###</surname><given-names>###_Insert first name author 1 here_###</given-names><prefix>###_Insert academic title author 1_###</prefix></name><aff><institution-wrap><institution-id institution-id-type="gnd">###_Insert institutional PID (e. g. GND) author 1 (for XML-Version)_###</institution-id><institution>###_Insert affiliation author 1_###</institution></institution-wrap><addr-line>###_Insert address line author 1_###</addr-line><city>###_Insert postal code and city author 1_###</city><country>###_Insert country author 1_###</country><email>###_Insert e-mail author 1_###</email></aff></contrib>
	    <contrib contrib-type="author"><contrib-id contrib-id-type="orcid">###_Insert ORCID author 2 here_###</contrib-id><name><surname>###_Insert last name author 2 here_###</surname><given-names>###_Insert first name author 2 here_###</given-names><prefix>###_Insert academic title author 2_###</prefix></name><aff><institution>###_Insert affiliation author 2_###</institution><addr-line>###_Insert address line author 2_###</addr-line><city>###_Insert postal code and city author 2_###</city><country>###_Insert country author 2_###</country><email>###_Insert e-mail author 2_###</email></aff></contrib>
	    <contrib contrib-type="author"><contrib-id contrib-id-type="orcid">###_Insert ORCID author 3 here_###</contrib-id><name><surname>###_Insert last name author 3 here_###</surname><given-names>###_Insert first name author 3 here_###</given-names><prefix>###_Insert academic title author 3_###</prefix></name><aff><institution>###_Insert affiliation author 3_###</institution><addr-line>###_Insert address line author 3_###</addr-line><city>###_Insert postal code and city author 3_###</city><country>###_Insert country author 3_###</country><email>###_Insert e-mail author 3_###</email></aff></contrib>
	</contrib-group>
        <pub-date pub-type="collection"><year>###_Insert year of publication (for XML-Version)_###</year><month>###_Insert month of publication (for XML-Version)_###</month><day>###_Insert day of publication (for XML-Version)_###</day>
	</pub-date>
	<volume>###_Insert volume number_###</volume>
	<permissions>
	    <copyright-statement content-type="print">###_Insert copyright statement (for XML-Version)_###</copyright-statement>
	    <copyright-statement content-type="online">###_Insert copyright statement (for XML-Version)_###</copyright-statement>
	    <copyright-holder content-type="print">Verlag/Publisher: ###_Insert copyright holder (publishing house) here (for XML-Version)_###</copyright-holder>
	    <license license-type="print"><license-p content-type="copyright">All rights reserved.</license-p>
	    <license-p content-type="terms-of-use">###_Insert terms of use without line break (for XML-Version)_###</license-p></license>
	    <license license-type="online"><license-p content-type="terms-of-use">###_Insert url terms of use (for XML-Version)_###</license-p></license>
	</permissions>
        <self-uri content-type="online-url">###_Insert DOI here (for XML-Version)_###</self-uri>

    <abstract xml:lang="de-DE">
          <title>Zusammenfassung</title>
        <p><styled-content style-type="abstract-title">###_Insert title here (original language)_###</styled-content></p>
        <p><styled-content style-type="abstract-subtitle">###_Insert subtitle here (original language)_###</styled-content></p>
        <p><styled-content style-type="abstract-author">##_Insert author(s) here together_###</styled-content></p>
        <p><styled-content style-type="abstract-text">###_Insert abstract here (original language) without line break_###</styled-content></p>
    </abstract>
	       
    <trans-abstract xml:lang="en-GB">
         <title>Abstract</title>
         <p><styled-content style-type="abstract-title">###_Insert title here (English)_###</styled-content></p>
         <p><styled-content style-type="abstract-subtitle">###_Insert subtitle here (English)_###</styled-content></p>
         <p><styled-content style-type="abstract-author">###_Insert author(s) here together_###</styled-content></p>
        <p><styled-content style-type="abstract-text">###_Insert abstract here (English) without line break_###</styled-content></p>
    </trans-abstract>
    <kwd-group xml:lang="de-DE">
         <title>Schlagworte</title>
          <kwd>###_Insert keyword1 (original language)_###</kwd><kwd>###_Insert keyword2 (original language)_###</kwd><kwd>###_Insert keyword3 (original language)_###</kwd><kwd>###_Insert keyword4 (original language)_###</kwd><kwd>###_Insert keyword5 (original language)_###</kwd>
     </kwd-group>
     <kwd-group xml:lang="en-GB">
            <title>Keywords</title>
            <kwd>###_Insert keyword1 (English)_###</kwd><kwd>###_Insert keyword2 (English)_###</kwd><kwd>###_Insert keyword3 (English)_###</kwd><kwd>###_Insert keyword4 (English)_###</kwd><kwd>###_Insert keyword5 (English)_###</kwd>
     </kwd-group>    
        
	<custom-meta-group><custom-meta><meta-name>citation-guideline</meta-name><meta-value>###_Insert way of citation_###</meta-value></custom-meta><custom-meta><meta-name>issue-bibliography</meta-name><meta-value>###_Insert bibliographic record ID_###</meta-value></custom-meta><custom-meta><meta-name>cover-illustration</meta-name><meta-value>###_Insert source of illustrations cover (for XML-Version)_###</meta-value></custom-meta>
	</custom-meta-group>
	</article-meta>
	</front>    